id,Target,Tweet,Stance,Location
1325665252437004288,Vaccination,This is fantastic.   Not to mention:  -summer is coming up for them -maybe a vaccine starting to roll out in the next few months -better treatments -better testing -better mitigation measures -things are getting back to normal (plus strong borders) https://t.co/4oyqHEtFAr,FAVOR,CO
1325665545572790274,Vaccination,"@funder Too late for that for sure, meaning the campfire thing.  Lets see how that’s handled now with coronavirus. Hope Biden does not try to take credit for a vaccine already in the works.",NONE,TN
1325666178698600448,Vaccination,"@yesnicksearcy Biden will ""secure funds for ramping up coronavirus testing, acquiring additional protective equipment such as masks &amp; gowns, &amp; investing $25 billion in vaccine manufacturing &amp; distribution."" You know-things that are already being done by Trump. https://t.co/FJqm9fyS5l",NONE,CA
1325666707587919872,Vaccination,Allina Health seeks volunteers for COVID-19 vaccine trial https://t.co/tzjISOcl84 via @KARE11,NONE,MN
1325667050057052160,Vaccination,"@benspolitics @Abe95319941 @Arr_Me_Matey @HitsuiBunny @JessicaHuseman Asthma is not preventable at all, first of all, and some people are genetically predisposition-ed to diabetes and other issues, and the flu has vaccines to prevent catching and medicines to take if you get it. Coronavirus does not have those.",NONE,LA
1325668179591323648,Vaccination,"This is why I have no faith that in Covid vaccines - Covid only harms those with compromised immune response, the very same people for whom vaccines don't seem to work (because their immune system isn't working properly). https://t.co/3d8GZX3WUP",AGAINST,WA
1325669725179842562,Vaccination,1/3 Basic things to know about the COVID-19 vaccine development... 1/ CDC still claims it will be ready in 2020 https://t.co/p2tn0IKKY8,NONE,CA
1325671963537285120,Vaccination,"The latest edition of the weekly newsletter with my initial thoughts on the elections, the effectiveness of the first COVID-19 vaccines, the story about 17 million minks being gassed in Denmark, and more.  https://t.co/5Sz7q5ZfHX. Sign up if you'd like.",NONE,VA
1325672694151569408,Vaccination,"?@millerbioethics? ?@jsross119? ?@MichelleM_Mello?, “Transparency is needed for #Covid19 vaccine trials” STAT  https://t.co/CHYuYmiegK",AGAINST,NY
1325672733603098624,Vaccination,This is very good news. #California #COVID19 #vaccine #coronavirus  https://t.co/0rC4KO5K4p,FAVOR,CA
1325673015833735170,Vaccination,#NU researcher developing 'needle-free' COVID-19 vaccine - Nov 9 @ 12:32 AM ET https://t.co/PLEeKJYBEF,NONE,USA
1325673192200019969,Vaccination,"The delay has already gummed up discussions on critical issues, including plans to distribute a possible coronavirus vaccine. Speaks for itself. https://t.co/TxSoKlLXFc",NONE,WA
1325675432881102849,Vaccination,I can already hear y’all complaining about this vaccine ?? https://t.co/qXdSv1b6eN,FAVOR,TX
1325678445628710913,Vaccination,The latest Disruptanomics: #Economics in the Global #Economy! https://t.co/TbVN1sBinS #covid19 #vaccine,NONE,NY
1325681507936165888,Vaccination,"Btw, it's Nov 9th and coronavirus is worse than ever and there's still no vaccine. It's not a hoax.",FAVOR,TX
1325685309984534528,Vaccination,"We need this so much right now. Hopefully with the election behind us, we can all focus on working together to stop the virus.  - Inside the Operation Warp Speed effort to get Americans a COVID-19 vaccine https://t.co/C5r2s47Yv4",FAVOR,CA
1325688221569703936,Vaccination,The #OperationWarpSpeed budget is up to $26 billion. But “#vaccine hesitancy” is ~60% in a survey of nurses. How much are we spending to counter the “infodemic” and encourage taking #COVID19 vaccines when approved? https://t.co/IuKOTGhCA9 @60Minutes,AGAINST,CA
1325690252745388034,Vaccination,This vaccine is more like a flu shot than a true vaccine. It will make it less likely to get sick but is not full immunity. https://t.co/82QoUo42O8,AGAINST,USA
1325690812982812672,Vaccination,@MarkSteynOnline @SkyNewsAust Keep an eye on vaccines coming soon. Pill form vaccine $VXRT will be revolutionary! No needle! VAXART...remember this tweet! #SlowTheSpread #COVID19,FAVOR,NY
1325691714527502337,Vaccination,"@Missy5568 @CNN That's trumps list, moron. And joe can't cure coronavirus without cooperation of the other half of the country who won't take a Joe vaccine or rapid test, so Covid is here to stay. At least you're not crying for nothing.",FAVOR,USA
1325691741442338821,Vaccination,@IngrahamAngle Keep an eye on vaccines coming soon. Pill form vaccine $VXRT will be revolutionary! No needle! VAXART...remember this tweet! #SlowTheSpread #COVID19,FAVOR,NY
1325693526307377153,Vaccination,"Head of GSA refuses to start the transition process. “The delay has already gummed up discussions on critical issues, including plans to distribute a possible coronavirus vaccine, this official said.“ https://t.co/dkm8qB8YHA",NONE,OR
1325694177951166465,Vaccination,"without a vaccine, shelter is the only way to keep people safe under the pandemic. yet, this COVID19 emergency response plan says nothing about housing. any serious response plan to this pandemic must include robust tenant protections and the cancelation of rents. https://t.co/1RYezTCFVA",FAVOR,CA
1325695267383881728,Vaccination,"Whatever else happens in the Biden administration, Joe is set up to reap the benefits of distributing a coronavirus vaccine and the economic recovery that follows.",FAVOR,WA
1325695933590466560,Vaccination,Coronavirus vaccine rolls off US production lines ahead of FDA approval https://t.co/xIQCYXVCff,NONE,NY
1325698713038303232,Vaccination,Inside the Operation Warp Speed effort to get Americans a COVID-19 vaccine https://t.co/FPzpWOkOaS,NONE,NY
1325706588653379584,Vaccination,All this vaccine are not good it make people sick immediately https://t.co/LhGcPGfEgP,AGAINST,CA
1325709498955128833,Vaccination,"I wish they had taken covid more seriously, earlier. I also wish UT wasn't filled with entitled, self serving assholes ?? It's bc of these 2 factors that we're going to have a rough time until a vaccine is available... then the antivax battle begins ?????? https://t.co/OAmZvxxSle",FAVOR,UT
1325720805066469376,Vaccination,"Scientists are putting their hands together in developing a cutting-edge vaccine. By volunteering, we help ourselves and move forward. #California #callforaction #sandiego #COVID19 #vaccine",FAVOR,LA
1325728176543203330,Vaccination,Lord only knows what horrible plague will be unleashed on the world next. Secret labs funded by billionaires who look to profit off the vaccines and therapeutics. https://t.co/k5oya2BFav,AGAINST,AK
1325761916548100097,Vaccination,Not me! No vaccine required. https://t.co/Rmp1uqylq9,AGAINST,FL
1325767708386816000,Vaccination,Huge news. Good for all of us regardless of our political opinions.  #vaccine #covid19 https://t.co/SirW4X3CLz,FAVOR,AZ
1325767725864660992,Vaccination,"If proven safe, a leading Covid-19 #vaccine candidate, developed by #Pfizer and BioNTech, could begin distribution by end of the year https://t.co/DF1p4I7Cla",NONE,USA
1325770121344905228,Vaccination,(AP News) Pfizer says early data signals COVID-19 vaccine is effective https://t.co/3abE0whZrQ #Business #DiseaseOutbreaks #DiseasesAndConditions #GeneralNews #Health #HealthCareIndustry #Immunizations,NONE,CA
1325770140118642689,Vaccination,"Pfizer’s coronavirus vaccine is more than 90 percent effective in first analysis, company reports By Carolyn Y. Johnson  https://t.co/uOveSZU3O6",NONE,NY
1325770155960528896,Vaccination,"If this holds up, it would be *so* much better than expected. #vaccine https://t.co/CwRLTimyEx",FAVOR,MA
1325770180690137090,Vaccination,"#BREAKING: Pfizer's #COVID19 vaccine prevented more than 90% of infections in a study of tens of thousands of volunteers, reports @business https://t.co/rEREhypggN",NONE,TX
1325770191612104705,Vaccination,"Pfizer’s coronavirus vaccine is more than 90 percent effective in first analysis, company reports https://t.co/Yt3ePM6Hl2",NONE,LA
1325770194740891649,Vaccination,"BioNTech, Pfizer COVID-19 vaccine candidate was more than 90% effective in prevention - https://t.co/uH7ZvBxrja https://t.co/BxNGX7gJ0B",NONE,NY
1325770208699699206,Vaccination,"Pfizer’s coronavirus vaccine is more than 90 percent effective in first analysis, company reports https://t.co/floWGVTreo",NONE,NJ
1325770219017678848,Vaccination,"my home girl works for this company lol id also joke &amp; tell her hurry w/ the vaccine, didnt think they’d actually find one ?? https://t.co/IW86imRM9N",FAVOR,FL
1325770219986542593,Vaccination,Awesome   The news on covid-19 keeps getting better and better. REGN-COV2 + vaccine + potential virus attenuation https://t.co/DATeKSVQIl,FAVOR,TX
1325770286705369089,Vaccination,"HOORAY! Pfizer and BioNTech have just announced successful vaccine development at the fastest pace ever! This Coronavirus vaccine proved to be more than 90% effective in their completed trial, which is extremely high!  https://t.co/GMo2hoQpEe via @WSJ",FAVOR,TX
1325770286793428993,Vaccination,Fantastic news!!!  Pfizer says early analysis shows its Covid-19 vaccine is 90% effective https://t.co/aXhYBkBl2A #COVID19 #vaccine,FAVOR,OH
1325770292199907330,Vaccination,"There is some pretty fabulous news out today on the vaccine front  I am pleasantly surprised  Data by press release so lets await more data, analysis  But preliminary analysis of @pfizer vaccine suggests greater then 90% efficacy  Not much data on safety yet  But this is terrific https://t.co/ulwsmDk0Eu",FAVOR,DC
1325770295425241091,Vaccination,Good news on #vaccines  https://t.co/b6nLf5Xik7,FAVOR,OH
1325770296394215424,Vaccination,"Wow, that’s quite a number, filled with hope. Implications for the underlying mRNA technology are potentially broader; a new modality matures - at least for vaccines. https://t.co/TTf13HZFG7",FAVOR,MA
1325770311875301377,Vaccination,Pfizer said its experimental vaccine was more than 90% effective in preventing COVID-19 based on initial data from a large study https://t.co/PetQxFWMqE https://t.co/0lzRRYZx3Z,NONE,NY
1325770358297948160,Vaccination,"This is exciting! 90% effectiveness is much better than expected at this stage. Expect the market to explode today.   Also, expect the outgoing president to say that releasing this information now is a conspiracy against him.   #COVID19 #vaccine  https://t.co/SjeAMhN8A4",FAVOR,USA
1325770362957737984,Vaccination,JUST IN: Pfizer announced Monday that its COVID-19 vaccine candidate has been 90% effective.  https://t.co/WbRmw6aSSo,NONE,MI
1325770376169857024,Vaccination,Pfizer says early data signals COVID-19 vaccine is effective https://t.co/KrEAVfrCdg,NONE,MI
1325770397179129856,Vaccination,Excellent! 90% efficacy is quite good for a vaccine! #COVID19 https://t.co/cUBEnqfNWz,FAVOR,VA
1325770456700497926,Vaccination,We somehow made the first ever vaccine for a coronavirus in 1/5th the time it usually takes to make a vaccine and it’s 6x more effective than the flu vaccine. Checks out. https://t.co/4ln3JLT6S0,FAVOR,IA
1325770473142054914,Vaccination,I am extremely #PfizerProud that we are one step closer to potentially delivering a #COVID19 vaccine that could help halt this pandemic. #PFEColleague https://t.co/Or73nLviuR,FAVOR,NJ
1325770504201003008,Vaccination,Good news on the vaccine front: https://t.co/eHvACGZHp2,FAVOR,VT
1325770643716059138,Vaccination,"More good news: #COVID19 #vaccine from @pfizer and @BioNTech_Group is strongly effective, early data from large trial indicate https://t.co/xZ2SLS8u9w via @statnews",FAVOR,NC
1325770769671069696,Vaccination,"Hopefully after all the fearmongering, this vaccine is a success. https://t.co/wKNDsDpPt6",FAVOR,NC
1325770840143659008,Vaccination,The Pfizer vaccine proved it worked.  This is the first step of ending the pandemic.  Amazing news.    https://t.co/kEcT1sqhAY,FAVOR,CA
1325770868983738369,Vaccination,Pfizer says early data signals COVID-19 vaccine is effective https://t.co/jkVm9PPj9X,NONE,MA
1325771017848037378,Vaccination,‘individuals who received two injections of the vaccine three weeks apart experienced more than 90% fewer cases of symptomatic Covid-19 than those who received a placebo.’ https://t.co/ubdcQkGc2b,NONE,OH
1325771075528122369,Vaccination,Some good news re: Pfizer’s potential mRNA vaccine for #covid19 #medtwitter  https://t.co/TyXsChr0RL,FAVOR,NY
1325771532161912834,Vaccination,Still not taking it yet. Sorry. Get back to me when we find out the side effects.    Pfizer says early analysis shows its Covid-19 vaccine is 90% effective https://t.co/Ndf03gTK1h,AGAINST,MO
1325772515097145353,Vaccination,America gets closer to a #COVID19 vaccine and its effectiveness is 90 percent.  https://t.co/L75RjmbBge,NONE,USA
1325772516451868678,Vaccination,No #economy without a #Covid19 #vaccine.  So fingers crossed. ???? https://t.co/6HC9DuSTbV,FAVOR,KY
1325778438800728064,Vaccination,"NEW THIS MORNING: Early data from Pfizer trial shows COVID-19 vaccine candidate is 90% effective, company says. https://t.co/aRfwjAPPdk",NONE,TX
1325778463110868994,Vaccination,"Coronavirus vaccine from Pfizer, BioNTech prevents COVID-19, early results show https://t.co/Bv3CbhK41R via @BioPharmaDive",NONE,NY
1325778808683814915,Vaccination,I will not take this vaccine unless Dr. Fauci takes it and gets covid. https://t.co/IEvYG9bMK9,AGAINST,TX
1325779379805249538,Vaccination,Fuck that Hoe Ass #COVID19 vaccine!  Buy #Bitcoin,AGAINST,UT
1325781522075578368,Vaccination,"Covid-19 vaccine from Pfizer and BioNTech is strongly effective, data shows. Keeping fingers crossed! ???? https://t.co/eKasfE5kfv",FAVOR,TX
1325782076810014720,Vaccination,The vaccine is here.   The US is going to save the planet from this plague. https://t.co/9sMWHxyYBP,FAVOR,TX
1325786277011185664,Vaccination,"“Based on initial data from a large study, Pfizer and its German partner BioNTech said they had observed no serious safety issues and forecast they would receive US government approval this month.” I won’t take any vaccine unless endorsed by .@CDCgov specifically Dr. Fauci. https://t.co/nnX6smTcIo",AGAINST,OH
1325786874653384707,Vaccination,I’m looking forward to examining the data for this promising #COVID19 #vaccine trial. https://t.co/06UAS6BS7h,FAVOR,IL
1325788452076589057,Vaccination,Some promising news on a potential coronavirus vaccine. https://t.co/KMFvQuGj7q,FAVOR,MA
1325790661543665665,Vaccination,Today is a great day for science! #BelieveInScience  Pfizer says early analysis shows its Covid-19 vaccine is 90% effective https://t.co/xrbMXxoJhj,FAVOR,MN
1325792915776540673,Vaccination,I am so happy to be so very wrong about the timeline for a vaccine. I've been very skeptical that we'd see one at the end of the year (see also history of vaccine development). Tell me to eat crow. https://t.co/fvKY2Q77Ij,FAVOR,MD
1325796657892634629,Vaccination,"I believe in the efficacy of vaccines 100%, but why would I voluntarily take a  Covid-19 vaccine ? I’m more worried about potential side effects from the rushed vaccine than actually suffering from Covid-19 symptoms.",AGAINST,FL
1325796907407601667,Vaccination,BREAKING: COVID-19 vaccine '90% effective' https://t.co/D4BCIFtIwb,NONE,NY
1325797526998577152,Vaccination,"Inject this into my veins. Literally. 2020 has been awful, but the hope I have felt this last week was much needed. Here’s to hoping there are no setbacks and we can have a vaccine at some point in 2021. https://t.co/7oDxR0udoX",FAVOR,WI
1325798415591206913,Vaccination,"Again, NOBODY is explaining that, in the vaccine world, 90% is like 100%.  Because of herd immunity.  We DON’T NEED it to be 100% effective.  Because of probabilities. https://t.co/VzyiYKJHJd",FAVOR,MO
1325798565034266625,Vaccination,Sorry. Don’t care. Take your vaccine and shove it. I’ll take my chances with the virus with a 99.9% recovery rate. https://t.co/TmCls0ldkK,AGAINST,TX
1325798837072457731,Vaccination,"This is promising! To improve public confidence in the vaccine, we call on @pfizer to make the clinical data it will include in their EUA publicly available as soon as possible.   Keep distancing, masking, &amp; washing everyone! #COVID19   https://t.co/lZVCbX3bvh",FAVOR,CO
1325801253495037952,Vaccination,Good for you guys... I’m still not taking a vaccine produced in 6 months. Fuck that https://t.co/ggcD2btvgK,AGAINST,USA
1325801506382237697,Vaccination,Biden elected on Saturday. An effective vaccine announced today. I am so not used to hearing this much good news! https://t.co/X1nee7ELN4,FAVOR,MI
1325802583324307460,Vaccination,"Good news already: Biden Coronavirus Task Force named, plan posted on transition website AND a successful vaccine announced!",FAVOR,TX
1325802602974617600,Vaccination,"You know we've entered really stupid territory when they're all demanding that even those of us who had COVID-19 should take the vaccine, because reasons. No thanks!",AGAINST,FL
1325803573490409474,Vaccination,"great news! but it's not going to be available for widespread administration for several months likely so keep wearing masks, social distancing, and avoiding gatherings. we also are going to have to deal with the anti-vaxxers who won't even consider taking this vaccine :/ https://t.co/JRjxda0H8P",FAVOR,IA
1325805100909015041,Vaccination,"@jdamis I keep seeing this touted as exceptionally positive news, but I always thought vaccines are near-100% efficacious, 90% still seems to leave a lot of room for contracting COVID19",AGAINST,OR
1325805266378633216,Vaccination,my pharmacist in the group chat: Coronavirus vaccine to be out early December  everyone in the chat: ??????,FAVOR,TX
1325805526110892034,Vaccination,"Wowza, scary. TLDR: Denmark is killing 17 million (!) minks because the Covid virus has mutated in them, creating a strain that vaccines currently being developed wouldn't be able to stop https://t.co/5YgPRqS7vE",NONE,NY
1325805577155436544,Vaccination,"@Mike_Pence @realDonaldTrump @pfizer There is no way in hell I would put a vaccine into my body that comes out under or is advocated by the trump regime. More than obvious reasons. In fact, I trust #COVID19 more than I trust the trump regime. ????#trumpvirus",AGAINST,CA
1325806245773791233,Vaccination,"Are you really implying Biden had anything to do with this? ??????????????  Also, no thanks to a vaccine. My immune system is designed to slaughter viruses. https://t.co/Ze8zuLkwL8",AGAINST,IN
1325806505774505984,Vaccination,what the hell are you talking about? Biden had nothing to do with a vaccine! https://t.co/kuyQJf8H55,NONE,IL
1325806524577484801,Vaccination,Desperately searching my retirement funds to see if there is some @pfizer stock there. #vaccine #Pfizer #CovidVaccine #COVID19,NONE,FL
1325806549357400067,Vaccination,I know so many people who think there was some conspiracy to not announce vaccine until after the election. They will believe that forever. Maddening. cc @Neoavatara @MDaware @ashishkjha @choo_ek @ScottGottliebMD @AgnesSolberg @jeremyfaust @VinGuptaMD  #covid19,NONE,USA
1325807705970278400,Vaccination,"@politico Jeez, I wonder how such an effective vaccine could have been developed so fast?  ??  #COVID19",AGAINST,TN
1325807709430673408,Vaccination,Major step forward in vaccine research for COVID-19 ?? https://t.co/WFtdt6VOao,FAVOR,SC
1325809270428897282,Vaccination,What to know about the to start with productive coronavirus vaccine from Pfizer,NONE,MA
1325810428287528966,Vaccination,"??Come on vaccine,  we need you oh vaccine,  in this moment,  you are everything ?? https://t.co/T0sIBJtVmT",FAVOR,MN
1325811207111106560,Vaccination,"This is 100% false.  Pfizer's vaccine was not produced through any public funds or with any help from Trump's Operation Warp-Speed.  Hard to believe that Pence would lie, but there you go. https://t.co/r4Rl8BydFJ",NONE,NY
1325812205519040517,Vaccination,Pfizer says COVID-19 vaccine is looking 90 percent effective https://t.co/m27zEV0GoN,NONE,TX
1325812607601799168,Vaccination,"@whatsinside Yeah no thanks. I can’t do normal seasonal flu vaccines (a generic coronavirus vaccine if y’all didn’t know) that have been around for years. I’m not trying my luck at one that is new, likely won’t work, and likely has some kind of gov backed evil plans. No thanks.",AGAINST,USA
1325813439567159297,Vaccination,Inject this straight into my veins. —me to Pfizer executives when the COVID-19 vaccine is available,FAVOR,NY
1325814456350289920,Vaccination,Wonderful news today! #COVID19 #vaccine   https://t.co/pseyfhNjGu,FAVOR,DC
1325814546284605441,Vaccination,"While I'm highly skeptical of the new vaccine, the fewer strain variation might have something to do with it being more preventative.   I'm still not interested in the vaccine if it is 90 percent effective. https://t.co/zjAlnnbxDn",AGAINST,NM
1325814672189247490,Vaccination,Yeah. I don’t trust a rushed vaccine at all. I don’t even trust vaccines that have only been tested for &lt;10 years let alone something w/gov plans for evil behind it in the first place. Absolutely no thanks. I get sick from seasonal coronavirus shots on top of that. https://t.co/uiGeMpBBeM,AGAINST,USA
1325814863688556545,Vaccination,There is no way in hell that I will ever take a vaccine for this. I have 2 autoimmune diseases and any flu type vaccines are too risky for me. I'm doing everything I can to minimize my risk while still having to work the entire time and run a household. https://t.co/L8aQEwVMcN,AGAINST,IL
1325816924232617984,Vaccination,The man who took no effort to eradicate this virus will now take 100% credit for developing a vaccine. #Pfizer #COVID19,NONE,FL
1325818485721747456,Vaccination,"YESSSSS!!! Per aspera ad astra!!!  Fantastic news. Is 90% good for the #COVID19 #vaccine? Oh yes!! @pfizer and @BioNTech_Group were hoping to get 60%, and they didn't know if they would even get that for sure ?????????????? https://t.co/zkhzhnwXxP",FAVOR,FL
1325818857475502082,Vaccination,"COVID19 vaccine announcement.  Good: * ~90% of individuals achieve immunity * No Significant side-effects  Not so good: * Two doses needed, 3 weeks apart, immunity after one month from first dose * 80C storage and transport needed.  https://t.co/vh08QWdiZR",NONE,MA
1325818859861970949,Vaccination,I think we should rename the COVID-19 virus Trump flu and the Pfizer vaccine Biden/Harris 2020 because it will wipe anything off the map named Trump.,NONE,KS
1325819529138745344,Vaccination,"Nah, bro. This is hella suspect. ??  Can the Trump Administration take the vaccine first so we can see what the side effects are?  #COVID19 https://t.co/0Qw0COXqjB",AGAINST,TX
1325820862185009152,Vaccination,@nema Most of my retired teacher substitutes are not returning until there is a safe vaccine. We are older with compromised immune systems.  This was in today’s Lexington Herald Leader. ????  https://t.co/it21nVSBtB,FAVOR,KY
1325821775125491712,Vaccination,I won't take an early COVID-19 vaccine.,AGAINST,CA
1325822034585194496,Vaccination,Only one day in as President-Elect and @JoeBiden has developed a vaccine for Covid19. Amazing!!,FAVOR,TX
1325822308351680513,Vaccination,Not yet ... they still have not isolated it. So how can they have a vaccine?   Not to mention this “flu bug” has a near ??% recovery rate #PlagueOfCorruption?? #CovidHoax #TheBigLie https://t.co/zp35ZAsKRe,AGAINST,USA
1325822869985619968,Vaccination,Finally some positive news on a COVID vaccine! https://t.co/p7xATo1yiu,FAVOR,UT
1325823033693659144,Vaccination,Such wonderful news to wake up to this morning: Pfizer says COVID-19 vaccine over 90% effective. Hope!  https://t.co/pWPjZCWwwp,FAVOR,NC
1325823788815159296,Vaccination,quick question: Whats the recent #tea on the anti-vaxxers and the covid-vaccines? Asking for a friend. #Pfizer #COVID19 #covidvaccine #LongCovid,FAVOR,NY
1325824091635539972,Vaccination,A vaccine that is 90% effective? I’ll take my chances beating a virus with a 99%+ survival rate ?????♂? #vaccine #COVID19 #coronavirus,AGAINST,TN
1325825401126608896,Vaccination,"While this is good news, I doubt I'd take the vaccine until its been in the mainstream for a while. One of the few things I'm mainstream about is my health. ??#covid #noguineapig #COVID19 https://t.co/eC7QHHmac4",AGAINST,AZ
1325827540368363520,Vaccination,"@Dennis_AMenace @PChase814 @cyneheardegypt @shan_z3 @ASlavitt Since COVID-19 isn’t the flu &amp; may be 10+ times deadlier than the flu (see last line in attached by Johns Hopkins), I’d say the vast majority of smart people should/would get a COVID-19 vaccine, if deemed safe. Anti-vaxxers &amp; Trumpists are another story. https://t.co/czW3nwKs44",FAVOR,NY
1325829110581616641,Vaccination,What other garbage and poison is in that vaccine. I would want a list of ingredients and their purpose first! We don’t need vaccines! https://t.co/jIi0VTP1Bd,AGAINST,IN
1325829664930222080,Vaccination,"Stocks surge to all-time highs amid COVID-19 vaccine hopes, Joe Biden victory https://t.co/pvhLXA0OE9",NONE,NY
1325829920854061056,Vaccination,"Great news #COVID19 ... perhaps now that past election day, vaccines will stop getting weaponized for political purposes ( both sides equally guilty) https://t.co/pIK7iybW30",FAVOR,AZ
1325832765758181376,Vaccination,The vaccine will make people sicker. Don’t fuckin take it. https://t.co/kGFO1KdIb7,AGAINST,CA
1325833928045785088,Vaccination,"Fucking amazing. THIS is a good, correct Presidential response to @pfizer ##COVID19 vaccine announcement. Trump would say basically the opposite and smart people know it https://t.co/UYsFERJLeb",FAVOR,CA
1325841130341109760,Vaccination,"This is fucking GREAT NEWS!!! This plus a Biden win has renewed my spirit. Y'all. We're gonna get thru this. There is light at the end of the tunnel.??????  ""Pfizer and BioNTech announce trial data showing COVID-19 vaccine is more than 90% effective""  https://t.co/4R3uXHvRxA",FAVOR,CO
1325841220749324290,Vaccination,"Heeeelllll no. Why do we need a vaccine If mostly everybody who had it, recovered from it? FUCK THAT. No other country needed a vaccine. https://t.co/PWAKLCktiw",AGAINST,CA
1325844085287112705,Vaccination,"Wear a mask. Wash your hands. Watch your distance.  Be vigilant; but hopeful this, or another vaccine, helps end the pandemic. https://t.co/vNmwB1tQcx",FAVOR,KS
1325847746616680448,Vaccination,"“It’s clear that this vaccine, even if approved, will not be widely available for many months yet to come. The challenge before us right now is still immense and growing.”  President-elect Joe Biden discusses Pfizer's coronavirus vaccine announcement. https://t.co/g8XoXtv5pw",NONE,NY
1325849243110793216,Vaccination,@MSNBC You own body’s immune system has cure more people than any vaccine has . Or ever will. https://t.co/5q2OJL2S7w,AGAINST,TX
1325857063386353664,Vaccination,@SecAzar @WhiteHouse Don’t believe this. No way they made a coronavirus vaccine that is 90% effective. Do not spread this lie to the public or they will get careless. No vaccine was ever 90% effective! 30-50% at best. Then where is the cure for the common cold? HIV? Herpes? Cancer? Epstein Barr? Etc,AGAINST,CA
1325857395420000256,Vaccination,This is great! But now...when available will the general population actually get the vaccine?  #antivax #vaccine #COVID19 #CovidVaccine https://t.co/DQ6YNVcMMV,FAVOR,CA
1325861847430553600,Vaccination,"@tonetalks Yeah. After an aged Trump was ""diagnosed"" and ""recovered"" from ""Covid19"" very fast, I told my big sister that a vaccine would be released soon. I also told her, I will not take the vaccine until the initial test subjects have survived for a few years-if at all. Probably not.",AGAINST,NC
1325862674299715584,Vaccination,Very important information about how scientists work with vaccines without using the virus itself is encoded. https://t.co/p4HeYclkkW,NONE,CA
1325862743589744640,Vaccination,Statement from #Prizer CEO:  More dramatic good news. #vaccine #COVID19 https://t.co/YFVuxsDNRS,FAVOR,RI
1325862755061149697,Vaccination,Publicly announcing #COVID19 vaccine trial findings without releasing the data is unacceptable and potentially dangerous. We need to ensure the #safety and efficacy of a vaccine for all patients. Transparency is the norm in research and must be preserved. https://t.co/ARTkXhsFT1,AGAINST,TX
1325862785893294081,Vaccination,Updates from Pfizer on their vaccine progress https://t.co/NqVwF5WOIn,NONE,AZ
1325863056757448704,Vaccination,"So far, November 2020 proves to be a bearer of good news. #COVID19 #vaccine : First 'milestone' vaccine offers 90% protection https://t.co/Rsv4lOj0te",FAVOR,USA
1325865222062682113,Vaccination,"COVID-19 – Good news on the horizon, but UN experts decry COVID vaccine hoarding: ‘No one is secure until all of us are’ https://t.co/2rCBDPri53 https://t.co/sVJ6pOJx6R",FAVOR,USA
1325866679318925312,Vaccination,Pfizer’s coronavirus vaccine is made by artificially creating a messenger RNA sequence in the lab that instructs your own cells to put together the right amino acids in the right order to re-create the coronavirus’ spike protein. Your immune system learns to fight that protein.,NONE,NY
1325866894503579649,Vaccination,"I don’t care who is in office, I’m not taking a rushed vaccine. Period. https://t.co/GA3YQWJePP",AGAINST,VA
1325867012942389248,Vaccination,Busted in another lie. @pfizer didn’t want the Trump stank on its vaccine. https://t.co/fDt0gXfbYy,NONE,KS
1325867067589922818,Vaccination,"“The mRNA vaccine approach uses genetic material called mRNA to trick cells into producing bits of protein that look like pieces of the virus. The immune system learns to recognize and attack those bits and, in theory, would react fast to any actual infection.”  #COVID19",NONE,NJ
1325867344795557888,Vaccination,"@DonaldJTrumpJr No one is keeping anything from the public. We’ve all been following vaccine news updates closely, and expected there to be results in mid-November. It’s good news that will save lives, but it’s not a magic wand that will make COVID-19 disappear.",FAVOR,CA
1325868108230262784,Vaccination,"BREAKING: Pfizer announces their COVID-19 vaccine over 90% effective, 100% no thanks to Donald Trump.",NONE,CA
1325868177297977345,Vaccination,No thanks!!!! Don’t trust them or the vaccine! ?? https://t.co/WWAQrXzfrk,AGAINST,FL
1325869019140907010,Vaccination,"@GovMurphy The same Dr. Fauci that said that the majority of these positive COVID-19 cases are nothing more than false positives. The campaign to get people to take that poison vaccine will fail. Thank goodness in 2021, you're up for re-election. #voteMurphyout",AGAINST,NJ
1325869413577355264,Vaccination,Don’t let trump take credit for the vaccine.  Trump had NOTHING to do with the vaccine. https://t.co/hO9uJ0reZv,NONE,NV
1325869956240715776,Vaccination,Good news from @pfizer on #COVID19 vaccine progress &amp; a good time to reflect on the 120+ times drug maker has increased prices this year alone #justsaynoJoe @_ACHP @THCBstaff https://t.co/oPSsU5e3Tf,FAVOR,DC
1325870196884566016,Vaccination,"Basically, cells transcribe DNA in their nucleus into mRNA using RNA polymerase. The mRNA goes into the cytoplasm and to the ribosomes where transfer RNA bring amino acids to the mRNA to build proteins. The COVID-19 vaccine hijacks this process with mRNA making the spike protein.",AGAINST,NY
1325872726599364609,Vaccination,"I refuse any, and all vaccines. I do not believe in them. God determines when I will leave this life not a vaccine that has untold side effects that can be far worse than Covid itself. I love and Praise my Savior. https://t.co/iewgzsLZQI",AGAINST,CA
1325873256931467272,Vaccination,"Some good news today about a COVID-19 vaccine. But despite politicians claiming otherwise on Monday, Pizer officials want to make it clear they worked on this without ""any money from the U.S government, or from anyone.""   https://t.co/hUBlw27HwA",FAVOR,VA
1325874424378257414,Vaccination,"Some good news to start your week: Pfizer's COVID-19 vaccine may be more than 90% effective.  There’s light at the end of the tunnel, but the virus is still spreading.  As scientists continue to work on a vaccine, we all have to do our part. Wear a mask. Social distance. Be safe. https://t.co/Si1AXphitd",FAVOR,CA
1325874804445093896,Vaccination,"It will be the fastest vaccine development and distribution ever.  As the world awaits a #COVID19 vaccine, @UNICEF has begun laying the groundwork for the safe delivery of the eventual vaccine by prepositioning syringes around the globe. #VaccinesWork https://t.co/TiXLuIbByy",FAVOR,NY
1325879357701840900,Vaccination,Best news about any vaccine. https://t.co/o1XlQfmF6R,FAVOR,LA
1325879605090258944,Vaccination,"Yeah the one he used on his daughter to kill her? I for one will not take any vaccine until I know who made it and place of origin. Why on Earth would you take something that could Be so deadly into your body, esp if enemy gave it to you. https://t.co/BPwUqJ0P0c",AGAINST,OH
1325879952085028868,Vaccination,Good news: Pfizer and BioNTech announce trial data showing COVID-19 vaccine is more than 90% effective  https://t.co/LeAIOYEtTF,FAVOR,PA
1325880107593068546,Vaccination,I won't take @pfizer's damn vaccine. https://t.co/VHRgwBqBXq,AGAINST,TX
1325880971078619137,Vaccination,@DailyCaller Do your research! The Pfizer vaccine is same type of messenger RNA as Moderna’s. Never used on humans before. Delivered through nanoparticles? No thanks! https://t.co/nYIZG3QTub,AGAINST,USA
1325882363604295681,Vaccination,"The first effective coronavirus vaccine can prevent more than 90% of people from getting Covid-19, a preliminary analysis shows. The developers - Pfizer and BioNTech - described it as a ""great day for science and humanity"" ?? ——-BBC https://t.co/CQriLDevE0",FAVOR,NY
1325886012732608520,Vaccination,The world got some positive news today with the announcement of a very promising COVID-19 vaccine. But it will take more time before a vaccine is ready and the state of Ohio is in a pivotal time in the fight against coronavirus.,FAVOR,OH
1325886290055864323,Vaccination,Good news on a future #COVID19 vaccine. https://t.co/mNNpNUZOPj,FAVOR,MD
1325886648459145223,Vaccination,Good news if it pans out! America must defeat the #TrumpVirus!   Pfizer’s coronavirus vaccine is more than 90 percent effective | Flash News PK https://t.co/bipy9qXfzv,FAVOR,SC
1325887719365509120,Vaccination,"@Lun1sWorld @RealJamesWoods Jimmy is delusional it’s NOT a cure for coronavirus covid19! However good news of a vaccine NOT taking it! I will do my own research on the subject! 243,820 AMERICANS dead from coronavirus covid19 due to Trump’s incompetence, lack of leadership, lies &amp; nonstop BS! ?????????? https://t.co/QCq1Emzfgu",AGAINST,USA
1325887886953209856,Vaccination,Over my dead fucking body will I take a vaccine or anything else from this administration. HELL NO https://t.co/YVoLEuonDf,AGAINST,SC
1325888156059619329,Vaccination,Good news on vaccine. And this is how it works. https://t.co/7G0k5bZj95,FAVOR,CA
1325889161254084608,Vaccination,"I appreciate what @pfizer is doing, but between the involvement of @realDonaldTrump and my having just binge watched @utopiaonprime, I am causious about getting a rushed vaccine that has so many unknowns https://t.co/MS63wddDtu",AGAINST,NC
1325890614815313923,Vaccination,Tentative good news from Vaccine Developer Pfizer! This brief article summarizes how a vaccine is developed... https://t.co/nyfA0kU4QN,FAVOR,MA
1325890836236656640,Vaccination,"This is such good news, but please remember that widespread vaccine administration is still months away! We are so far from the finish line, but it’s nice to know that maybe it does exist. #MaskUp #COVID19 https://t.co/Vo6Vq2JOXP",FAVOR,UT
1325892052907909120,Vaccination,Useful thread on vaccine news  https://t.co/Y4fQyPjChc,NONE,DC
1325893587935113221,Vaccination,Love you and our President sir. But no thank you to ANY vaccine during end of days https://t.co/8PB0Oq5jNY,AGAINST,TX
1325893924750155777,Vaccination,"Easing worries about the safety of a COVID-19 vaccine is paramount for health care professionals, especially now as some good news came about one company's trials. https://t.co/i4abbS8Gpg",FAVOR,NY
1325896910272679937,Vaccination,is anyone nervous about the possible long-term effects of a super rushed vaccine though? i'm personally worried about potential effects that won't be known until years down the line ?? https://t.co/ZS0HlaCOVN,AGAINST,IN
1325897696679485441,Vaccination,Ahh I will ALWAYS welcome more good news at this point ?? worth the read!  4 more encouraging things re: Pfizer's #COVID19 vaccine 1?? probably got the right target! 2?? evidence for mRNA vaccines! 3?? confidence in a COVID vaccine! 4?? good news for Pfizer in particular! https://t.co/B1p9Fv1hTj,FAVOR,MA
1325899259649134593,Vaccination,"They balked at ONLY trump saying to take a vaccine bc the scientific community doesn’t trust him... so if viral researchers don’t promote a vaccine.... hell no im not taking it  Fortunately, they are... thank you Pfizer https://t.co/S120PLMU2p",AGAINST,MS
1325899336857825280,Vaccination,@MegaPlayDough Yeah fuck the Covid-19 vaccine lol.,AGAINST,MA
1325903356108431360,Vaccination,@SMR11992 @diatomaceous_ @Marrrrcussss @NPR Yea for open borders and socialism. Fuck wearing a mask out public. Fuck that microchided Covid-19 vaccine. No fucking math science or history in schools anymore either. Only God and the bible in schools. Welfare/free medical for all. We want Trump!,AGAINST,TX
1325903830815531009,Vaccination,"Pfizer did mot take part in your program to develop a vaccine.  Stupublicans will stop at nothing to con the public.  As someone who worked with pharmaceutical companies for years, I trust Pfizer much more than I trust pence. https://t.co/a8tGsd9WS8",FAVOR,CO
1325905941682769920,Vaccination,Wow hopefully good news! #BioNTech #Pfizer Pfizer and BioNTech announce trial data showing COVID-19 vaccine is more than 90% effective  https://t.co/dBjWI60J8h,FAVOR,CA
1325909197146435590,Vaccination,"Good news. Although, we won't get a vaccine until summer I think. https://t.co/LfpGkgRhL5",FAVOR,OH
1325911112676749312,Vaccination,These are the COVID-19 vaccine trials in phase 3 https://t.co/Zy0TQWfJj4,NONE,CT
1325911151008428033,Vaccination,Really good news: Pfizer and BioNTech report that their COVID-19 vaccine is 90% effective https://t.co/qdUPSMkngs via @reason,FAVOR,DC
1325914405712789509,Vaccination,Good news... Hopes rise for the end of the pandemic as Pfizer says the vaccine is 90% effective... Finger crossed?? #COVID19 #CovidVaccine #Covid_19 #CovidVaccine #Pzifer  https://t.co/j5WSzLm7mq via @WSJ,FAVOR,ID
1325915158946799617,Vaccination,"In light of good news on the COVID-19 vaccine, I wanted to take a moment to recognize the immigrants behind this effort. You can read about the stories of ?zlem Türeci and U?ur ?ahin of @BioNTech_Group here: https://t.co/XbUpk0e1Nq",NONE,CA
1325916420409077763,Vaccination,More good news! Pfizer says first experimental #COVID19 #vaccine is proven over 90% effective: https://t.co/2xGfPqk7oO #pophealth #coronavirus #sulernercenter,FAVOR,NY
1325917329167839232,Vaccination,Good news: Data from a Coronavirus vaccine trial has shown it is more than 90% effective at preventing the virus! The @realDonaldTrump Administration’s Operation Warp Speed is working hard to successfully defeat the virus!  https://t.co/GDLyBRGFxD,FAVOR,AZ
1325920012725530624,Vaccination,Why @pfizer 's vaccine news is good news for other #coronavirus vaccines https://t.co/hr42KmQUWT,FAVOR,WA
1325921890289012736,Vaccination,Pfizer announced good news about its coronavirus vaccine on Monday. Will it work in older adults? How about kids? When will it be available? Who will get it first? Here's what we know and don't know. https://t.co/jIvWAdLIVE,FAVOR,NY
1325922127237746688,Vaccination,The vaccine is the first to be tested in the United States to generate late-stage data.  https://t.co/enYdjBtHZ5  #DrugDiscovery #coronavirus #COVID19,NONE,CA
1325925367991984128,Vaccination,"I trust #Science  ""By all accounts, the FDA, which will ultimately decide whether to authorize the handful of vaccine candidates currently in trials,?has prevailed?in deflecting the Trump Administration’s attempts to shortcut the review process."" https://t.co/oaf3aGhrem",FAVOR,FL
1325926567386767361,Vaccination,@IvankaTrump @WhiteHouse @realDonaldTrump No thanks we don't want your coronavirus vaccine give it back to your friends and family,AGAINST,USA
1325931184342396928,Vaccination,"A safe, effective COVID-19 vaccination is finally on the horizon. Cue the people who say they won’t take it—or that vaccines are the harbingers of a dictatorship. https://t.co/J1xa1BOkuq",FAVOR,NY
1325935125545279488,Vaccination,@nazboyy @angoolakchi2 @pehall68 @realDonaldTrump I haven't took a vaccine as far a flu and stuff ever so I highly doubt I take the coronavirus  vaccine..,AGAINST,WV
1325938781812367360,Vaccination,Weird how anti-vaxxers don't mind getting a NOVEL coronavirus where we barely know the long term effects but are sudden so cautious when it comes to getting rigorously tested vaccines https://t.co/QjON1WPtZs,FAVOR,IL
1325939517761617920,Vaccination,Many corona vaccines R DNA/RNA based &amp; when taken manipulate DNA of the body. These vaccines R NEW technology &amp; medical not explaining this well but keeping in ignorance! https://t.co/3FsgamRpQO,AGAINST,CA
1325939668505006085,Vaccination,Thanks TO PRESIDENT TRUMP for working hard to provide this vaccine! https://t.co/4pzF6PSAWI,NONE,AR
1325943553009324032,Vaccination,Woo! Progress on a COVID-19 vaccine ?? nothing supports optimism at ending a pandemic like preliminary data on half a trial that says it’s more effective (~90%) than the yearly flu vaccine (30-40%) ?? now to quietly wait for it to pass the 2 month safety check https://t.co/dhxIsMtDna,FAVOR,TN
1325947737184067585,Vaccination,"A new company has joined Moderna in the race to a Covid-19 vaccine. Working with BioNTech, their early data shows that the vaccine is effective 90% of the time. They will continue to run tests until a 100% successful vaccine is created. https://t.co/jO64d9gE8P",NONE,TX
1325951667657912327,Vaccination,Congratulations to my colleague @DrOnyemaOgbuagu for leading a successful COVID-19 vaccine trial at Yale! https://t.co/d0xOWd1jgj,FAVOR,CT
1325961217345802241,Vaccination,"Reading this, it become obvious Covid-19 is unique in it's ability to make you sick in a number of ways. A vaccine can't come soon enough.",FAVOR,IN
1325964303535575041,Vaccination,@chrislhayes I’m a physician. I can’t guarantee any vaccine will be 100% safe. But I far and away believe the risks of a COVID-19 infection are likely far more severe than any potential ill effects of an FDA approved COVID-19 vaccine.  So I’ll be getting vaccinated at my first opportunity.,FAVOR,USA
1325964439489744896,Vaccination,Fuck the election!   Fuck the Covid-19 vaccine!   Fuck everything!   TOYOTATHON IS ON!!!,AGAINST,MN
1325972309405036551,Vaccination,"@CNN Not me #vacccine #IWillWait  Express is dangerous. In 2022 commercials will be like...  Did you or a loved suffer from the Express COVID vaccine from 2020. If so get in line, bring ?? and ?? it will be a while ?????♀? #COVID19 https://t.co/oMn4xfwYbV",AGAINST,USA
1325974870077927424,Vaccination,"For the record, the COVID-19 survivability rate is higher than the success rate of any vaccine.   Keep that in mind before you run out for it!",AGAINST,AR
1325979565542367233,Vaccination,"@FarshadNayeri @gustojunk @rhbBSE Good news. A vaccine that generates an immune response 90% of the time will provide enough protection if ~80% of the population gets the covid-19 vaccine. (Herd immunity is when the effective replication value of a pathogen drops below 1, which depends on the underlying R_0.)",FAVOR,MA
1325981782747967489,Vaccination,The EU has already requested 1 Million Doses of this new Pfizer vaccine! https://t.co/PnR3QnSg3A,NONE,USA
1325990182726864898,Vaccination,"If the poor cannot get this, then this vaccine is fucking useless. https://t.co/i3kUvdWS9z",FAVOR,TX
1325995424604426241,Vaccination,No i don't worry about covid it curable. Don't need vaccine. Just saying just my opinion an just my right an freedom to say no to vaccine https://t.co/MSCFZ4LHjE,AGAINST,DE
1325999284832104449,Vaccination,"Yes! It’s actually not #vaccines that work, it’s #vaccination! https://t.co/F7uKcaqPLE",FAVOR,GA
1326000404744835072,Vaccination,@tinabiggs2 @EmeraldRobinson Why? I support Trump 100% but I won’t be getting the COVID19  vaccine.,AGAINST,FL
1326000723973300231,Vaccination,"@COVIDOversight @RepAOC These are lies! Coronavirus vaccine is already out, it is being given at this time to hospital workers! My doctor at my local VA had to get it as a condition of being brought back to work, when we opened up Fla after CHINESE CORONAVIRUS PLAGUE!",NONE,FL
1326007681258315776,Vaccination,Stock market roars higher after Pfizer coronavirus vaccine news https://t.co/RIL5ud4HHG #stockmarket #stocks #finance #news,NONE,TX
1326008897048612864,Vaccination,"Even after the vaccine for COVID-19 is available, and assuming it's at least 90% effective, what about the anti-vaxxers who'll simply refuse the vaccine?",NONE,MN
1326025896134909953,Vaccination,@GenieRoze @TomFitton @pfizer You can take hour mask off my dear. Covid19 is as dangerous as the flu. You have been lied to. Now vaccines that is a different story. Bill Gates wants to kill off humanity. I do not care who makes the vaccines do not take them.,AGAINST,USA
1326032144800641025,Vaccination,"After reading this, IMO, this vaccine has not been tested enough or long enough for me to want to take it. I'll pass.  Pfizer and BioNTech Announce Vaccine Candidate Against COVID-19 Achieved Success in First Interim Analysis from Phase 3 Study | Pfizer https://t.co/6WwdioNpQW",AGAINST,IL
1326051411726131200,Vaccination,"@missi0nbreakout Fuck That. Especially ridiculous considering many of the people I’ve seen (or in some cases, know) are also part of the “pRo-LiFe” party.  *sigh* Anyways, as long as the COVID-19 vaccine is safe and well-vetted, I’ll certainly take it.",FAVOR,LA
1326056909888249857,Vaccination,i ain’t takin no vaccine man https://t.co/6U4hTISMzQ,AGAINST,NC
1326056971343175683,Vaccination,"The good news , the @pfizer coronavirus vaccine is in its final stages and we will see it coming soon. Thanks to everyone involved in making this vaccine, it will be a big step in the complete eradication of coronavirus !",FAVOR,NY
1326058668995964928,Vaccination,1 billion+ people in China and NO vaccine needed~AMAZxiNG! #vaccinenotneeded Fu€king Joke!!!  $$$$$$Drug companies!!!! #WTFU https://t.co/2WeNuDqlWI,AGAINST,CA
1326064371362013189,Vaccination,1 billion+ people in China and NO vaccine needed~AMAZxiNG! #vaccinenotneeded Fu€king Joke!!!  $$$$$$Drug companies!!!! #WTFU https://t.co/WLY1GiqAnU,AGAINST,CA
1326075989282189313,Vaccination,@LionelMedia FIGHT AGAINST TYRANNY!!! The coronavirus vaccine is a NEW technology RNA vaccine. ?????????? It LITERALLY changes your DNA!!!! ????????PLEASE do NOT take this vaccine. The Lord Jesus Christ created your unique individual DNA. Do not play God. ??????,AGAINST,NY
1326076079069663234,Vaccination,@SilentSpace @LionelMedia FIGHT AGAINST TYRANNY!!! The coronavirus vaccine is a NEW technology RNA vaccine. ?????????? It LITERALLY changes your DNA!!!! ????????PLEASE do NOT take this vaccine. The Lord Jesus Christ created your unique individual DNA. Do not play God. ??????,AGAINST,NY
1326080246253293569,Vaccination,"Pfizer says its coronavirus vaccine is 90% effective. Here's how that compares to shots for the flu, measles, and more. https://t.co/2AN7kShFLR",NONE,NJ
1326124328224653312,Vaccination,Brazil suspends trial of China's Sinovac COVID-19 vaccine following loss of life,NONE,MA
1326124405446107138,Vaccination,"@nypost I’m a physician and here’s the simple truth:  No vaccine is guaranteed 100% safe, but the chances of a negative outcome from the vaccine are likely far lower and with less serious consequences than those of a COVID-19 infection.  #VaccinateMe",FAVOR,USA
1326124466594861057,Vaccination,Metro woman participating in COVID-19 vaccine trial optimistic about Pfizer’s news https://t.co/SkRAiGV9ZM,NONE,GA
1326127258726244352,Vaccination,I’m depending on this group and Dr Fauci to tell me a vaccine is safe. https://t.co/UlRc4N3vIX,FAVOR,AL
1326130950871388161,Vaccination,"@NewsHour   Spain would get the first vaccines against COVID-19 developed by U.S.   pharmaceuticals Pfizer and its partner BioNTech   in early 2021, Health Minister Salvador Illa said on Tuesday.  6:47AM EST  @Reuters",NONE,IL
1326131087081312259,Vaccination,Coronavirus vaccine testing timeline: What’s next in Covid-19 fight https://t.co/7ZB20jeLBk,NONE,NY
1326135454530482176,Vaccination,A vaccine 90% vaccine is amazing news but waiting for a vaccine will seem an eternity given the exponential surge in cases and risk that the worst in hospitalizations and deaths will not be felt until January. A vaccine is not expected to be widely available until 2021. https://t.co/wdfLuh20An,FAVOR,IL
1326136291965153282,Vaccination,Pfizer says COVID-19 vaccine is looking 90% effective https://t.co/SFBCgHr3GI,NONE,IL
1326136312349536258,Vaccination,Testing timeline: What’s ahead for COVID-19 vaccines https://t.co/ltBVKqQGNL,NONE,AR
1326147600211390464,Vaccination,Healthcare experts encouraged by COVID19 vaccine trial but questions linger https://t.co/KZrQpkvUu2,NONE,IN
1326148868828966916,Vaccination,"Me, at your child's 1st birthday party, off three shots of the coronavirus vaccine https://t.co/Lo29BI0wus",NONE,FL
1326148890496815104,Vaccination,Few hours with this formed team and we get a vaccine. Holy fuck. Promises made. Promises kept! https://t.co/afiomUp5D9,FAVOR,FL
1326148894024224769,Vaccination,Fauci says Americans could start getting coronavirus vaccines 'very likely before the end of this year' and says he has 'no intention' of leaving his NIH job when President-elect Biden takes office. Good. https://t.co/aBlHJ312lf,NONE,DC
1326150511989579776,Vaccination,Stocks head for mixed opening amid COVID-19 vaccine?rally https://t.co/pXMVcpsyUV,NONE,USA
1326150513377861633,Vaccination,'Really exciting time' as Covid vaccine hopes soar https://t.co/WinDTiHB3i #TodaysMedicalUpdate #Medicine #Medical #Health #Insurance #Pharmaceutical #Biotech #COVID19 #Coronavirus #Security #Treatment #Doctor #Policy #Care #Vaccine #TechNews Please Retweet,FAVOR,DC
1326152249962360837,Vaccination,"?? #russia now saying their vax is ""90% effective"" ... no thanks, ill wear my mask, eat outdoors and hope for the best... russia can keep their vax  #Pfizervaccine $PFE #vaccine #Pfizer #coronavirus #investing #EmergingMarkets #investments https://t.co/nl1NN8lHuF",AGAINST,DC
1326156150275002368,Vaccination,"As we are getting better at treating COVID, we must learn from early mistakes.   Promoting treatments without evidence of efficacy is unsafe.   There is no miracle cure - we must practice social distancing until there is an effective and widely available vaccine. https://t.co/zwmD7IKpBz",AGAINST,NE
1326164929192341507,Vaccination,"If its good interim results hold, Pfizer's Covid vaccine could spare us from the lockdown instincts of Joe Biden’s coronavirus team. https://t.co/uql2SCJ5gA via @WSJ",FAVOR,DC
1326166964033740800,Vaccination,"Under the leadership of @realDonaldTrump , we have developed a COVID-19 vaccine in record time. This is HUGE news as we fight to protect the lives and livelihoods of ALL Americans. #gapol https://t.co/67OI3Ky8mM",FAVOR,GA
1326167985493598209,Vaccination,Y’all thought we forgot? This mf said they was gon make doses even before they knew if it worked or not. And now they talking about making the shit mandatory ??????#vaccine #COVID19 #yougotmefuckedup https://t.co/rku8rpdmdx https://t.co/6hCXXPQ3pf,AGAINST,MI
1326173189978918913,Vaccination,Ikr. But I’m also not taking it. I’m provaccine but not this one. I’m not a Guinea pig. I’d rather get coronavirus honestly https://t.co/4Jp3So88ya,AGAINST,NY
1326173789101678592,Vaccination,Great news! #vaccine #COVID19 #CovidVaccine https://t.co/PtU2z5Pfyu,FAVOR,ME
1326174223212154880,Vaccination,"Some good news,in addition to the vaccine trials, to start the week  FDA allows emergency use of first COVID-19 antibody drug - Reuters https://t.co/rDORMKZI7p",FAVOR,IN
1326176171881603072,Vaccination,"We are very excited about the great news from .@BioNTech_Group and their #Covid19 vaccine. What a great German startup story, showing how important intl. collaboration is. We also keep cheering for #PrimeVectorTechnologies, a #GermanAccelerator participant https://t.co/57Q57IfDXv",FAVOR,USA
1326194971028807681,Vaccination,Great news re: Pfizer vaccine. Reading about who may be prioritized to get vaxx 1st - I propose teachers get moved to top of the list #CovidVaccine #COVID19 #BackToSchool,FAVOR,WA
1326195401930792963,Vaccination,"@cinema_strikes I ain't gonna take any vaccine that was created under something called Operation ""Warp Speed"", lol  I'm skeptical about any vax for a coronavirus since they have never been able to make one in the past, plus these companies have legal liability immunity. Bad combo",AGAINST,NY
1326195431857037312,Vaccination,A day late and a dollar short.  No thanks... I'll take Biden's vaccine.  #JoeBiden #vaccinoCovid #COVID19 #vaccino #TuesdayShoutout https://t.co/dTukkKMi5n,FAVOR,CA
1326200493715189767,Vaccination,We're getting closer to an effective COVID-19 vaccine. Here's what it will cost to get a shot. https://t.co/XvauJaVw97,NONE,CT
1326202699734544384,Vaccination,"Thread by @DrewHolden360: ??Thread?? Pfizer announced positive trial results for their coronavirus vaccine today. That’s great news, but it’s undermined when Dems  https://t.co/ZOkpQOuYXR",FAVOR,MN
1326202772329439232,Vaccination,I’m Still super skeptical...no vaccine for me in the near future or maybe ever. https://t.co/J6DT8VhAaj,AGAINST,MT
1326204811394641922,Vaccination,"I won’t be taking any rushed vaccine, I don’t need one and neither do most other people https://t.co/BYZSSMJ40Z",AGAINST,CO
1326211459924242445,Vaccination,Pfizer has even more good news today about its coronavirus vaccine https://t.co/XDXbML8Bx3,NONE,NC
1326211467981410305,Vaccination,Upbeat news on a coronavirus vaccine and a win for President-elect Biden drive stocks significantly higher. How should investors trade a potentially earlier re-opening?   https://t.co/Go8imD5hzC,NONE,MD
1326211470024204290,Vaccination,Tennessee ready to distribute COVID-19 vaccine within 24 to 48 hours of approval by FDA https://t.co/E9HEueKHiE,NONE,TN
1326211478307762177,Vaccination,"The final round of Eterna OpenVaccine has begun! Submit solutions by Nov. 15, 2020, before we announce design rules to stabilize COVID-19 mRNA vaccines.  https://t.co/zE8hryu5yc  https://t.co/dcMdhiVW9q",NONE,CA
1326211742540705793,Vaccination,"We all want a safe and effective vaccine as soon as possible. But this timetable makes no sense. I can't wait until January, when we can rely on representations made by fed agencies.   HHS Secretary: Coronavirus 'general vaccination' programs by spring https://t.co/JCGyOjrYsQ",FAVOR,IL
1326215252212637696,Vaccination,The only thing breaking the grip of COVID in this country is a vaccine. America has been an adjust disaster in handling this. https://t.co/NwQa5mBk8a,FAVOR,IL
1326219276290723845,Vaccination,I will NOT take this vaccine. https://t.co/dO6dbNl4bx,AGAINST,AZ
1326224356293414914,Vaccination,Ethicist Suggests People Should Be Paid to Accept COVID-19 Vaccine $CNSP https://t.co/C61KpIVbRR #biomed #vaccine https://t.co/7ghtZ383NZ,AGAINST,CA
1326227652940861440,Vaccination,Putin says Russia is about to register its third coronavirus vaccine @CNBC https://t.co/MX2K9nOCsV,NONE,OR
1326228710081458176,Vaccination,Upbeat news on a coronavirus vaccine and a win for President-elect Biden drive stocks significantly higher. How should investors trade a potentially earlier re-opening?   https://t.co/DtwGCfQrnk,NONE,NY
1326233114931302402,Vaccination,How would a COVID-19 vaccine be distributed in Massachusetts? https://t.co/qHtcbsAEbp,NONE,NY
1326233489700769794,Vaccination,Fuck ya’ll and that vaccine https://t.co/un1y97LqtU,AGAINST,NC
1326238448781586432,Vaccination,"We so very much look forward to Pfizer's COVID-19 vaccine and can't wait to find out how, when and where we can get our shots! https://t.co/azHzeljI2r",FAVOR,SC
1326243504570441728,Vaccination,"After burrowing on anti-lockdown Facebook groups and other social-media channels, conspiracy theorists were ready to pounce on promising news about a coronavirus vaccine. https://t.co/O47l1OPwf9",FAVOR,NY
1326244182072188935,Vaccination,Let’s be completely honest... The media will give Biden 100% credit for the Covid vaccine that was created under Trump admin. #fact https://t.co/pIik3nbd04,NONE,CA
1326244717244379137,Vaccination,"Kudos to #TBCPartner @CureVacRNA, which today published positive interim Phase 1 data for its #COVID19 vaccine candidate. Here’s coverage from @JohnCendpts: https://t.co/KOycUyDxX9",FAVOR,MA
1326465515544580098,Vaccination,Donald Trump has completely whacked out meltdown about coronavirus vaccine https://t.co/BeroPYhZ5L via @PalmerReport,NONE,FL
1326748200590430209,Vaccination,"“If the plan is approved, concertgoers can purchase a ticket but will be required to provide either proof of vaccination or a negative Coronavirus test result produced 24-72 hours before the event” idk still seems risky. https://t.co/x7hjJAvCI6",NONE,CA
1326764180955930624,Vaccination,What a COVID-19 vaccine would mean for mortgage rates and the housing market https://t.co/O3IMUru8U6,NONE,NY
1326872630272675840,Vaccination,"Scientists around the world were diligently working on a vaccine long before trump uttered the words “next dem hoax” and “gone by Easter”, among other ridiculous denials.  #COVID19 #COVIDIOT https://t.co/IzIbUv7Nzb",NONE,CO
1326901574657077248,Vaccination,"Evidence of efficacy, safety &amp; consistent manufacturing are 3 requirements that @Pfizer must demonstrate to seek Emergency Use Authorization for its potential #COVID19 vaccine. Learn more about these key areas: #PFEColleague https://t.co/uxUtrBseqa",NONE,NC
1326905248523411460,Vaccination,.@carlhjune on Pfizer’s COVID-19 vaccine: “it will be given close scrutiny by the NIH...the top line results of 90% efficacy in a trial is stunning...it looks to be highly promising.” #postlive,FAVOR,DC
1326977748057800704,Vaccination,Perhaps the vaccine may have side effect https://t.co/JjWxpvlxms,AGAINST,CA
1326987033479434240,Vaccination,"Pfizer coronavirus vaccine volunteer describes side effects, urges others to 'get it' ASAP https://t.co/tYdT47Fs2a #FoxNews",FAVOR,NY
1327019881003364352,Vaccination,Fauci: COVID-19 won't be pandemic 'for a lot longer' thanks to vaccines https://t.co/oB4OWYJJxT via @nypost,NONE,MO
1327040736894865409,Vaccination,Important question: when and in what way would those in placebo arm of successful vaccine study be identified and allowed to get active vaccine? It’s complicated. https://t.co/mKYrEm0PCj,NONE,MA
1327071047091249152,Vaccination,This is the part I *really* don't get about the opposition to #COVID19 public health measures in the Plains and upper Midwest --&gt; these areas are not far away from overwhelmed hospital systems -- they'll also be some of the hardest to vaccinate.  https://t.co/BcrVEyqWwn,FAVOR,MI
1327237180440326146,Vaccination,"A Covid-19 vaccine may cause unpleasant side effects. People should be prepared, scientists say. https://t.co/zSF72J4ury via @nbcnews",AGAINST,VA
1327273328986492930,Vaccination,"NEW from @kevincollier: North Korea and Russia are still trying to hack some of the world's most prominent coronavirus vaccine researchers, cybersecurity researchers said Friday. https://t.co/nvhlQcTv0L",NONE,NY
1327285024052436994,Vaccination,Great point. We are learning a lot about the long-term effects of naturally acquired COVID. They're not good.  We'll have enough evidence from tens of thousands in trials to be able to say that a vaccine is a much safer bet. https://t.co/PQAQ94yTeG,FAVOR,PA
1327326910997729281,Vaccination,People who got Pfizer’s coronavirus vaccine revealed the side effects you can expect https://t.co/39ZZC6xf9m,NONE,NY
1327362397724696576,Vaccination,"Remember, @realDonaldTrump and his admin didn't make this #vaccine. Pfizer did. #COVID19 #warpspeed",NONE,MD
1327454849131302912,Vaccination,CVS Health to offer Coronavirus vaccine once available https://t.co/TqpdFFGyZK,NONE,HI
1327656031330185216,Vaccination,Cuomo is the one blocking the vaccine from NY.  He said it on tv.   Anybody trying to demonize this cure for political reasons isn't just a political hack; they're literally killers. https://t.co/bvTB1ITfQI,FAVOR,NC
1327681730648674306,Vaccination,Trump Administration Reaches Deal With Pharmacies to Make COVID-19 Vaccine Free  https://t.co/ovpXf7QlfW...  Jon Rapaport article: Fake Covid vaccine success. https://t.co/819ZwRltyR...  @ farmerjones' Kracken shared!,NONE,TN
1328313937130119169,Vaccination,Unless it’s 100% effective than 94% is useless and release the potential side effects that this may cause   Still can’t make me get this vaccine my body my choice ???♂? https://t.co/ynRdC006Vi,AGAINST,OH
1328315160302411784,Vaccination,A second coronavirus vaccine has been proven to work as US pharmaceutical company Moderna today revealed its jab is 94.5 per cent effective – but the UK hasn't bought any of it.   Early results from the company's final stage of clinical trials bring another landmark success.. https://t.co/8RBjeXBRKI,FAVOR,DC
1328321254919639043,Vaccination,2nd coronavirus vaccine shows early success in U.S. tests https://t.co/8U6klFicQT,FAVOR,CT
1328333067048652801,Vaccination,"Good morning to all! We are administering flu vaccines and COVID-19 test screenings from 9:00am to 12:00pm at Kennedy Towers on 2021 Watson St. Camden, NJ 08105 -- please do not hesitate to come down and get tested! #CAMcareWeCare #FluShot #FIGHTCOVID19 https://t.co/5WWSuPB8s4",NONE,NJ
1328340955292954624,Vaccination,In Spain per El País 40dB poll: ??24.1% would get coronavirus vaccinated ASAP  ??36.9% would wait some time  ??20.6% would only get vaccine if strictly necessary  ??13.1% would never get vaccinated  https://t.co/OATxTbBuCd via @elpaisinenglish,NONE,DC
1328359732617375748,Vaccination,"Moderna said its vaccine appears to be 94.5% effective, according to preliminary data from Moderna’s ongoing study. https://t.co/3sm1odUd8q",NONE,IL
1328362039564230656,Vaccination,Bc it takes a long ass time to produce BILLIONS of vials of the vaccine. Its not just Americans receiving the vaccine - its literally billions of people. And its something that can't be done quickly. The coronavirus is what it is. Its not mutating. We know how to study &amp; work,NONE,PA
1328364096907927552,Vaccination,"@SecAzar it's no time ""celebrate"" the #moderna vaccine. It's way to early take a victory lap when #COVID19 is raging, it's not FDA approved and will take months to get it distributed. It's time to work with the transition team. You're fired",AGAINST,CA
1328365124323844098,Vaccination,Five key ways #GIS can support #COVID19 vaccine distribution from Esri's Chief Medical Officer @EsteGeraghty https://t.co/WKs0OU8Mjw,NONE,IL
1328369248184524802,Vaccination,"A week after Pfizer released it preliminary data showing their Covid19 vaccine  to be 90% effective, Moderna has released preliminary data of their own showing their vaccine to be 94.5% effective. This is incredible news if these findings stand. https://t.co/A48EA7O8ju",FAVOR,MD
1328405726918799360,Vaccination,@brianstelter Science deniers not willing to get the Trump vaccine.  smh https://t.co/kSXCZZVtZb,NONE,WI
1328505470966001671,Vaccination,@joydieg @heathercarp78 @myfourladies @GovMikeDeWine But covid19 is a virus and to think that a  vaccine is going to stop people from getting covid19 makes no sense just like getting a flu shot will guarentee you from getting the flu.,AGAINST,OH
1328510912051994625,Vaccination,"@RepCarolMiller @realDonaldTrump @moderna_tx That's NOT what they said when seeking Vaccine Testing Volunteers!  It will take ***Two years*** to fully evaluate the antibody response to the vaccine...""to look at whether the vaccine works"" https://t.co/BLZkUXbe7X https://t.co/FEv9JlElmk",AGAINST,NC
1328673001727021056,Vaccination,"Moderna mRNA-1273 vaccine, developed for COVID-19, yielded 94.5% efficacy in early  results of the phase 3 COVE trial. 90 who were COVID-19 pos were in a placebo group and that 5 patients were in the mRNA-1273 vaccine group.  https://t.co/9245wj3kph",NONE,TX
1328692312826925056,Vaccination,Lonza ramps up Moderna COVID-19 vaccine production in Portsmouth https://t.co/ZErfJiSGGL via @seacoastonline,NONE,NH
1328709203230330880,Vaccination,More on Sen Portman’s decision to be part of COVID-19 vaccine trial. https://t.co/uQX9CiAxcV,NONE,OH
1328747467735707650,Vaccination,Trump's transition sabotage threatens #vaccine rollout ——&gt; https://t.co/Au6ULESw9L,NONE,OH
1328755474796322816,Vaccination,Well of course the Democrats and the elite will push for Pfizer vaccine at 90% affective because otherwise it would be racist And ineffectively not diverse enough https://t.co/RsUneSmBdQ,AGAINST,VT
1328761918694305793,Vaccination,"""I'm a little surprised we don't have a website with the CDC where people can register their interest in getting a vaccine,"" @BillGates tells @andrewrsorkin at #DealBook2020. #covid19",NONE,NY
1328765378462240769,Vaccination,?????? ?@DollyParton? on helping to fund the coronavirus vaccine: I just wanted 'to do good’ https://t.co/TRZbfjYvz1,FAVOR,CA
1328779497328488448,Vaccination,Dolly Parton's $1M research donation helps in discovery of COVID-19 Moderna vaccine https://t.co/vhlL1JDnYu,NONE,TX
1328814394822705152,Vaccination,Free flu vaccines and COVID-19 tests! https://t.co/zXiJYnBofq,NONE,OR
1328839885923422209,Vaccination,I will be 62 in December and I will gladly take the COVID-19 vaccine!  Tell me where to get it and when! #let’sreturntonormal,FAVOR,GA
1328853868386643976,Vaccination,"Dolly Parton ‘saved the world’ by funding coronavirus vaccine, Twitter users say ???? https://t.co/Y9hdzWCq4W",FAVOR,NY
1328876085711396866,Vaccination,@BourbonGhost Here is Faucci saying a month ago that herd immunity without a vaccine is nonsense. Please show me where he said it was inevitable that we’d all get it eventually.  https://t.co/RBUHKxMa7W,NONE,MO
1328976997633015812,Vaccination,Because vaccines don’t kill 200k+ people you fucking ghoul. https://t.co/ziticgdRS9,FAVOR,OR
1329024541339897858,Vaccination,@martye15 @RichieAllenShow Genocide in a needle. #COVID19 #coronavirus #vaccine ???? https://t.co/gSuagZ0G8Q,AGAINST,USA
1329024637196439552,Vaccination,@tayloramiles Genocide in a needle. #COVID19 #coronavirus #vaccine ???? https://t.co/gSuagZ0G8Q,AGAINST,USA
1329033667730149381,Vaccination,"??BREAKING?? Pfizer will seek regulatory review within days for its coronavirus vaccine, which it says is 95% effective. Yes 95%. This is light at the end of the tunnel news. Until distribution - wear your fucking ??  https://t.co/U4aeHZvcvT",FAVOR,FL
1329044412194721793,Vaccination,"i understand people’s hesitation to receive a vaccine made in such a short period of time, but, man, fuck me up. i’m getting this as soon as the hospital has it available for staff. https://t.co/oKwOsYLd5k",FAVOR,PA
1329048947382370307,Vaccination,More positive news on a #coronavirus vaccine! Will you take it as soon as you can?  https://t.co/j3wJCES73M,FAVOR,CA
1329048961601183747,Vaccination,No thank you. The virus is safer than the vaccine ?? https://t.co/eNXv1sGDeH,AGAINST,TN
1329051184896806919,Vaccination,Fuck yes.  That's 2 effective vaccines in under 12 months. Science is grand. https://t.co/NgC09StldK,FAVOR,FL
1329053710950002688,Vaccination,The beginning of the end of COVID.   Highly effective vaccines with no safety concerns.  https://t.co/Y73XKCdLnx,FAVOR,MD
1329054427685249027,Vaccination,"""It's pretty amazing,"" one immunologist said. Pfizer and BioNTech reported that their coronavirus vaccine is 95 percent effective. https://t.co/bpdOMN4DzS",FAVOR,NY
1329055489309675520,Vaccination,"@HHS_ASH @US_FDA ADM Giroir, we’ve often heard about the amazing advances in vaccines in such a short period of time.  The same must be said for COVID-19 Testing.  You, your Team, Industry &amp; Government have done a brilliant job of rapidly making widespread, reliable Testing available. Thank You!",FAVOR,TX
1329055495022317570,Vaccination,The good news on the vaccine front continues. https://t.co/wP4NiF7IW1,FAVOR,OH
1329055522268573699,Vaccination,China’s Sinovac reports mixed findings in early coronavirus vaccine trials https://t.co/Xifc0foH4O,NONE,PA
1329055536818556935,Vaccination,Pfizer announced more results in its ongoing coronavirus vaccine study that suggest the shots are 95% effective.? https://t.co/ALq3V6hgLd,NONE,NY
1329055545144324097,Vaccination,Let’s goooooo! Willing to have a flare up for this vaccine. https://t.co/9yGtcMoZ16,FAVOR,OH
1329055567210483713,Vaccination,"@pfizer, please help us understand how the 1 subject who received the experimental vaccine had severe #COVID19 infection? Timeline? Early infection prior to immunity? Or no/little immunity? We need more data!",AGAINST,IL
1329056280527384577,Vaccination,This is very good to see. My aunt died of covid/pneumonia related issues a few days ago. WEAR YOUR FUCKING MASKS. SOCIAL DISTANCE. GET YOUR GODDAMN VACCINES. (Unless you're one of the people allergic to vaccines. Then don't do that. Don't die. Protect yourself.) https://t.co/rtcBNAzcvA,FAVOR,TN
1329059922554671105,Vaccination,"Moderna and other COVID-19 vaccines candidates like the Pfizer - BioNTech SE, AstraZeneca and NOVAVAX INC. are changing the way vaccines are made with revolutionary and technological breakthroughs.  Moderna at the start of the week…https://t.co/XzHJNTEBRy https://t.co/ifdcIwZvvt",NONE,CA
1329060163660247041,Vaccination,"Just curious....  If a COVID vaccine was available today, would you get a shot? (answers are totally anonymous) #COVID19  #vaccines",NONE,OH
1329061546203500546,Vaccination,I think this covid-19 vaccine is a race to see who can get it out there first! I don't trust them! I want to see Dr Fauci take it and I want to see Trump take it and the Pence take it and if they don't die then I'll take it!,AGAINST,OH
1329061714596388869,Vaccination,"Amazing how fast we developed the Covid-19 vaccine. It took humanity thousands of years and lots of testing (poultices, spells, leaches etc) for humans to develop the first ones.",FAVOR,ME
1329063401339953154,Vaccination,@kpjammer @AP Potential side effect; Not dying from #COVID19   I’ll take the fucking vaccine.,FAVOR,USA
1329064246563524609,Vaccination,"Isn’t it amazing that at this time last year, there was no #CoronavirusPandemic and now we have not 1 but 2 vaccines that look to be extremely efficacious? https://t.co/4Aiu1QBlE9",FAVOR,CT
1329067437032165376,Vaccination,Fuck it vaccine around the corner - abbott prolly https://t.co/pAii2guIGC,FAVOR,TX
1329069798370717697,Vaccination,Wow. It’s amazing that this vaccine has been developed from scratch in like 6 months. https://t.co/PlvZXrirlO,FAVOR,OH
1329071205911908355,Vaccination,This better be a free vaccine! After all the taxpayer money that has gone into researching I better not see any profit being made by big pharma!!!! #vaccine #COVID19 https://t.co/Q1dIU5ucQo,FAVOR,IL
1329072254655684667,Vaccination,China’s Sinovac reports mixed findings in early coronavirus vaccine trials https://t.co/EkxB3cNoWf,NONE,CA
1329073104023396352,Vaccination,More amazing Covid vaccine news!! https://t.co/RHeMmYOp8U,FAVOR,TX
1329081389237501956,Vaccination,Why don’t you just take your chances with a deadly virus rather than just getting a vaccine? I’m sure this take sounded smart when he tweeted it. https://t.co/sdTqmrQRR5,AGAINST,GA
1329081418534641665,Vaccination,"Pfizer also says it’s vaccine had no series side effects. If the FDA authorizes the two-dose vaccine, Pzifer says it could have up to 50 million doses available by the end of the year. A reminder, this vaccine needs to be kept at 94 degrees below zero. https://t.co/KoH30RIIyP",NONE,TX
1329081971293577219,Vaccination,So everybody's vaccine is 94-8 95% successful.  Still too fast. Still not taking it https://t.co/xR9HFBtClT,AGAINST,GA
1329083228028747777,Vaccination,How might a covid-19 vaccine travel from the manufacturer all the way to your arm? Listen up! https://t.co/r44Jd8fp8D,NONE,IL
1329083269594324995,Vaccination,This is great news but don’t expect to be able to walk into CVS anytime soon to get this vaccine. https://t.co/goa9wlVIEo,FAVOR,NC
1329084876570521600,Vaccination,I am going to drink the Coronavirus vaccine,FAVOR,DC
1329092054836678656,Vaccination,Dolly Parton’s $1 million donation helped fund Moderna’s COVID-19 vaccine  https://t.co/tszIxxevKc,NONE,IA
1329092066148638729,Vaccination,Nah fr fuck that shit I don’t want no flu shot coronavirus vaccine none of that ???? https://t.co/WhfJAig7N1,AGAINST,TX
1329092114945171465,Vaccination,Learn more about @LillestolLLC's participation in a large Phase III Pfizer Covid-19 vaccine trial. https://t.co/dFsP7pIHZY https://t.co/NFkBDMWpVa,NONE,SD
1329095536247328768,Vaccination,"Our only hope is a mandatory vaccine, which of course is going to be a problem with #Covidiots ??  Denver's coronavirus restrictions to tighten (again) in coming days, including banning indoor dining, but still no stay-at-home order  https://t.co/lCOvBKPXos via @denverite",FAVOR,CO
1329095544006995974,Vaccination,Still not getting a vaccine with a 99.8 recovery rate https://t.co/TEHAnCH4cx,AGAINST,FL
1329095788379705345,Vaccination,Pfizer says it will ask the FDA to authorize emergency use of its COVID-19 vaccine after an updated analysis of clinical trial data found the vaccine to be 95% effective. https://t.co/dnDS0xvBVh,NONE,DC
1329095793953951746,Vaccination,"Should you be paid for getting a #COVID19Vaccine?  Yes, you read that right. Everyone who gets the first wave is still a guinea pig! This is a debate the world needs to have, and soon!  https://t.co/AijDXYd8rm #Vaccines #CoronavirusVaccine #COVIDvaccine #VaccinesWork #COVID19",AGAINST,DC
1329095796659265538,Vaccination,"Pfizer and BioNTech to seek approval for Covid-19 vaccine ""within days"" as company says final analysis shows it's safe and 95% effective. https://t.co/PACUOej2bb",NONE,NY
1329095849897566208,Vaccination,Pfizer will file for emergency use of Covid-19 vaccine on Friday https://t.co/tYzpxz2WrZ,NONE,IL
1329097525140328448,Vaccination,"LETS GO. This is some great news, and it’s also a medical success that a vaccine was found, tested, and proven in such a short amount of time.   Our medicinal researchers in this world are simply amazing. https://t.co/azkMrLSeTK",FAVOR,USA
1329104513303683073,Vaccination,"Amazingly good response and Pfizer said that no serious safety concerns related to the vaccine were reported in its study, which included 43,661 volunteers. https://t.co/X4yAtJdn0H",FAVOR,CA
1329108324533473281,Vaccination,I had launched my Kickstarter for Togo and Balto memorial pins along with a little info card and how they saved a town and local villages and pushed for the need to make a diphtheria vaccine nationwide.  What a coincidence https://t.co/QCSNEjD05p https://t.co/YVpqQVv9sW,AGAINST,WA
1329113851850153987,Vaccination,Moderna reports 94.5% efficacy for COVID-19 vaccine https://t.co/1ZbjMly9x5,NONE,OR
1329131912569393152,Vaccination,"The flu vaccine has been around for 80 years and it's less than 10% effective, with side effects. NO THANKS https://t.co/wQCzxCZEXY",AGAINST,CA
1329131948913143808,Vaccination,"A vaccine for COVID-19 is months away for the general population in South Carolina but will be provided at no cost, state officials announced on Wednesday. Here's how distribution will work. https://t.co/ehhUH2ffnW",NONE,SC
1329132050008346624,Vaccination,Pfizer and BioNTech to submit Covid-19 vaccine data to FDA as full results show 95% efficacy https://t.co/M2hvwAthUu via @statnews #COVID19 #CovidVaccine #Pfizervaccine #BioNTech #EUA,NONE,CA
1329142376258961408,Vaccination,"Pfizer: Final analysis shows virus vaccine is 95% effective, will seek FDA emergency use 'within days' :: https://t.co/0l6HHRLhvF https://t.co/hIYP2JyaOr",NONE,NC
1329206251922845699,Vaccination,"According to the msm, covid-19 has officially run amok. Can I get the single shot vaccine now please? 8m in the high risk category.",FAVOR,FL
1329206530311409665,Vaccination,"@realDonaldTrump if you want credit for the COVID-19 vaccine, how about working with the newly elected administration on a roll out plan?",NONE,USA
1329207512399290376,Vaccination,"US death toll reaches 250,000 as virus overwhelms hospitals; Who will be first to get COVID-19 vaccines?  https://t.co/dUW6Oi6Fxz",NONE,TX
1329213124969435145,Vaccination,Much-needed good news all week on the COVID vaccine front. https://t.co/QYR4THX8H2,FAVOR,OH
1329213144963510273,Vaccination,"Investors are looking past the presidential election and toward a future with a safe and effective COVID-19 vaccine, according to Ameriprise Chief Market Strategist David Joy.    https://t.co/fjzU745gXp",NONE,OH
1329213214358343680,Vaccination,"Investors are looking past the presidential election and toward a future with a safe and effective COVID-19 vaccine, according to Ameriprise Chief Market Strategist David Joy.    https://t.co/WHykh1YIsN",NONE,IN
1329213233899532290,Vaccination,"Investors are looking past the presidential election and toward a future with a safe and effective COVID-19 vaccine, according to Ameriprise Chief Market Strategist David Joy.    https://t.co/AzNRn6Z9gJ",NONE,IN
1329213252648112128,Vaccination,"Investors are looking past the presidential election and toward a future with a safe and effective COVID-19 vaccine, according to Ameriprise Chief Market Strategist David Joy.    https://t.co/c89CKBtN62",NONE,VA
1329213260319494145,Vaccination,"Investors are looking past the presidential election and toward a future with a safe and effective COVID-19 vaccine, according to Ameriprise Chief Market Strategist David Joy.    https://t.co/xsoKAF21YQ",NONE,VA
1329213267177218048,Vaccination,"Investors are looking past the presidential election and toward a future with a safe and effective COVID-19 vaccine, according to Ameriprise Chief Market Strategist David Joy.    https://t.co/IC1hSBOJen",NONE,OH
1329213271199477760,Vaccination,"Investors are looking past the presidential election and toward a future with a safe and effective COVID-19 vaccine, according to Ameriprise Chief Market Strategist David Joy.    https://t.co/8TYHRdy2UZ",NONE,OH
1329251715195912192,Vaccination,"@pfizer @US_FDA Hooray, Bravo, Pfizer. Please get the COVID-19 vaccine distributed asap! I'll take it!! https://t.co/xvZTjPzfwy",FAVOR,ID
1329255884502020096,Vaccination,"I refuse to take any #coronavirus #COVID19 vaccine distributed by a @JoeBiden @KamalaHarris Administration. I will never trust it, ever.",AGAINST,VA
1329290320396185600,Vaccination,"Moderna's coronavirus vaccine doesn't need to be as icy cold as Pfizer's, and that could make it easier to distribute https://t.co/5DmeqwqyaP https://t.co/hTNSO1xFPT",NONE,TX
1329333414516973569,Vaccination,"I’m willing to get the vaccine as soon as it’s my turn. I have almost all of the underlying conditions and so does my elderly father. I don’t want to catch this, struggle for every breath as I die. This is a question of life or death for many. I don’t get who wouldn’t chose life! https://t.co/KoVoqkSjin",FAVOR,PA
1329443519136747526,Vaccination,"AstraZeneca vaccine shows strong immune response in elderly, appears safe in study. https://t.co/eul8K87Iyb https://t.co/cGYgo6HmxN",FAVOR,UT
1329476565156020224,Vaccination,"trials conducted by Moderna, 100% of human subjects in the high-speed vaccine trial group experienced adverse reactions. M. Adams. VACCINE DEATH WAVE: UK gov posts bid for AI system to process the expected flood of COVID-19 vaccine injuries &amp; side effects described as a",NONE,TN
1329482084943970307,Vaccination,"From fake contact tracing apps to attacks on vaccine makers, COVID-19 will define cyberattacks in 2021, experts say. Here's how businesses can prepare. https://t.co/Dg9gAb5nJe",NONE,CA
1329566993259909122,Vaccination,Recent reports revealed Moderna’s #coronavirus #vaccine? would be easy to distribute because it can be stored at refrigerator temperatures. Pfizer's vaccine must be shipped and stored at ultra cold temperatures and can only last at refrigerator temperatures for up to five days. https://t.co/6hIwGt1ZHM,NONE,TX
1329682974128869376,Vaccination,Trump is probably refusing because he has no plan and if he does then this just shows everyone how much he thinks of only himself. I wouldn’t be surprised if he tries to sell the vaccine too the highest bidder https://t.co/fTilKjvdQR,NONE,TX
1329771561671417856,Vaccination,Today Pfizer said it's asking U.S. regulators to allow emergency use of its COVID-19 vaccine.  https://t.co/1LXXp9iYRw @cbschicago #Pfizer #vaccine,NONE,IL
1329849756546424834,Vaccination,"@JoyAnnReid After all the racist names Individual 1 has called Covid-19 which contributed to the increase of hate crimes against Asian Americans, the idea of a vaccine being named after him is  disgusting.",NONE,MN
1329877176619986944,Vaccination,"VA is offering clinical trials to test vaccines and treatments for COVID-19. Anyone over the age of 18 can volunteer: Veterans, family members and friends. Sign up online at https://t.co/4lNTydY4YZ.   VIDEO: https://t.co/W2EL1dpphC https://t.co/bDvNWijPaO",NONE,GA
1329888836298608641,Vaccination,"According to the most recent wave of our Coronavirus tracking study, sports fans say that a drop in the infection rate and/or a vaccine would be signals that it is safe for them to return to the stands.  @mktg #sportsbiz #covid19 https://t.co/W4FmaI5Mn0",NONE,CT
1330155620541083650,Vaccination,"@rderekp @RPStampOfLove @chngin_the_wrld Where would we be if they said that about the polio, rabies, smallpox vaccines just to name a few viruses? There are deadly viruses that require a vaccine and there are non lethal ones that don’t. Covid-19 has already proven to us it is lethal.",FAVOR,AR
1330239640226459653,Vaccination,"#TrumpVirusDeathToll252K Ivanka said on January 13, 2020 trump made a deal for vaccine...he didn’t alert the country to #COVID19 until March 2020...??????before lives.....?? https://t.co/Pl8jjsuicg",NONE,IL
1330303459346747394,Vaccination,"Yeah, I'm willing to get this vaccine at some point once its been thoroughly tested but not if it is called ""the Trump"" https://t.co/SZRUcS0oXE",FAVOR,CO
1330324599230361603,Vaccination,Moderna to charge $25-$37 for COVID-19 vaccine: CEO tells paper - Reuters https://t.co/RyXlnAsXdl,NONE,TX
1330838813954945024,Vaccination,"NEW TODAY: A third drug company, AstraZeneca, reports its COVID-19 vaccine is also ""highly effective"" in late-stage trials. One key difference, this vaccine doesn't need to be stored at ultra-cold temperatures -- unlike vaccines from Pfizer and Moderna. https://t.co/vAaIefdKAs https://t.co/42VPwd0tj3",NONE,WI
1330864868900167682,Vaccination,I run on coffee and vaccine good news ?? https://t.co/uYdoPjhSNM,FAVOR,FL
1330869252740571136,Vaccination,"Good news to begin the week. This looks like the best candidate so far for vaccinating the world, given cost &amp; stability. I hope in 2021 that nations can collaborate with one another to ensure this is added to the vaccination drives that have all but eliminated polio &amp; smallpox. https://t.co/p2gmTswLZx",FAVOR,DC
1330986640358117377,Vaccination,Coronavirus updates: Third vaccine candidate up to 90% effective; November infections explode; Th... https://t.co/1RfoGdlwyF via @YahooNews,NONE,FL
1331084554887696390,Vaccination,via ?@nytimes? Vaccine will benefit poor countries for its cost &amp; normal refrigeration. 1st dose 90mg to prime immunity &amp; 2nd dose 100mg to full immunity. I will take the vaccine. It requires 70% mass vaccination regardless of efficacy.  https://t.co/XbUX9AtGLO,FAVOR,NJ
1331281532456210433,Vaccination,Investors are encouraged by the latest progress on developing coronavirus vaccines and news that the transition of power to President-elect Joe Biden will finally begin. https://t.co/hds8Vp4wc3,NONE,MT
1331326730079006722,Vaccination,"AstraZeneca is the 3rd major drug company to report late-stage data for a potential COVID-19 vaccine. Unlike others, the AstraZeneca vaccine doesn’t need to be stored at cold temperatures, making it easy to distribute especially in developing countries: https://t.co/HEmYRD4PwZ",NONE,FL
1331393636433612800,Vaccination,"Americans need to be prepared for the possibility that they may feel a little unwell after they get a coronavirus vaccine, if one is authorized, members of a CDC advisory committee said.? https://t.co/gipgsR4Dtw",NONE,IL
1331602758227660801,Vaccination,$PFE $BNTX $MRNA - U.S. aims to release 6.4M COVID-19 vaccine doses in first tranche - Reuters https://t.co/FLJzA17oVQ Great Dividend Stock BUY PFE !,NONE,MA
1331673477779230720,Vaccination,"As California faces a surge in coronavirus cases, vaccines may be weeks aways with three drug companies reporting promising results. https://t.co/yU0qJFZyXI",NONE,CA
1331677845559668737,Vaccination,"??Vaccine confidence – including perceptions of safety, effectiveness, and importance – has fallen in many countries. How can we build trust to support routine vaccination – and a potential #COVID19 #vaccine?  New blog from @exemplarshealth: https://t.co/peGQLa9mU0 @vaccine_trust https://t.co/izBRtjHDIT",NONE,DC
1331991203122999302,Vaccination,"Pfizer's late-stage coronavirus vaccine trial is near complete enrollment with 42,000 volunteers https://t.co/6Q0y2JwDfq #business #news https://t.co/8kvyepFALT",NONE,USA
1332172591155429377,Vaccination,"AstraZeneca likely to conduct another global trial of its COVID-19 vaccine, CEO says  https://t.co/c7RNgALfmE",NONE,AZ
1332199975682535424,Vaccination,Tweet from Reuters (@Reuters) Reuters (@Reuters) Tweeted: Britain asks regulator to assess Oxford/AstraZeneca COVID-19 vaccine https://t.co/rpOLAI9Ljy https://t.co/LrBwezhsMt https://t.co/oxH6IUernG,NONE,FL
1332274383600148480,Vaccination,State expects to receive tens of thousands of COVID-19 vaccine doses by mid-December https://t.co/oDcFqOd3uP,NONE,NY
1332278006056767489,Vaccination,South Korea says it foiled North Korea attempt to hack its COVID-19 vaccine makers https://t.co/jkxoamRFKH,NONE,NV
1332314495633530881,Vaccination,"Ultra-cold freezers are in demand. Cold storage, cold enough to handle Pfizer’s new COVID-19 vaccine as soon as it is approved by the FDA for emergency use. https://t.co/4aAJG3TlCc",NONE,TX
1332370853242302464,Vaccination,U.S. officials plan to release 6.4 million COVID-19 vaccine doses in first distribution https://t.co/qdxfDKZOR4,NONE,NY
1332428988245917696,Vaccination,"Even a vaccine won’t be enough to end the Covid-19 pandemic, writes @NAChristakis. Instead, we need the kind of multilayered approach experts call “the Swiss cheese model.”  https://t.co/WwXASUw6d4 via @WSJ",NONE,CT
1332446326852870150,Vaccination,CDC: Advisers will vote next week on which groups of people they recommend get the #coronavirus vaccine first once one is authorized to use.  @CBS46 #Pandemic https://t.co/VTsR3WkQ1S,NONE,GA
1332508258876190722,Vaccination,"A panel of U.S. advisers will meet Tuesday to vote on how scarce, initial supplies of a COVID-19 vaccine will be given out once one has been approved. https://t.co/YIG0EG0QQ6",NONE,WI
1332514549560471553,Vaccination,"A panel of U.S. advisers will meet Tuesday to vote on how scarce, initial supplies of a COVID-19 vaccine will be given out once one has been approved.  https://t.co/7xbFA2Uwce",NONE,FL
1332819135106002944,Vaccination,India's Modi visits key vaccine facilities as COVID-19 cases surge https://t.co/ULzlFze8CC,NONE,TX
1332881655896354816,Vaccination,"Social distancing, masks, testing, Quarantining &amp; tracing should help prevent the spread of COVID-19 until a Vaccine is proven effective. I am 73 years old &amp; I will take the vaccine when CDC approves a schedule.  Plow drivers should do the same thing. https://t.co/D5IksVquvK",FAVOR,FL
1333065313341018113,Vaccination,"@ATPJudge @ABC @vandusen_cheryl @MarthaRaddatz Me and #Fauci are on the same page, and business that are not operating at full capacity should start thinking about making sure their employees are vaccinated so they can operate at maximum capacity upon release. https://t.co/aU4TeJPHZA #Biden #coronavirus #Covid https://t.co/17m9PGqqks",NONE,WI